replicate_id	barcode_pattern	base_mix	num_lineages	num_barcodes_per	fixed_barcodes	cell_sample_size	read_depth	abundance_distribution	error_rate	percentage_subs_indels	chimera_percentage	slapchop_pattern
aa	ATCGNNNNNNATCG	1-1-1-1	10	1.0	True	10000	100000	uniform	uniform0.0	80 20	00	(?P<barcode>ATCG[ATCG]{5,7}ATCG){e<=2}
ba	ATCGNNNNNNATCG	1-1-1-1	40	1.0	True	10000	100000	uniform	uniform0.0	80 20	00	(?P<barcode>ATCG[ATCG]{5,7}ATCG){e<=2}
ca	ATCGNNNNNNATCG	1-1-1-1	60	1.0	True	10000	100000	uniform	uniform0.0	80 20	00	(?P<barcode>ATCG[ATCG]{5,7}ATCG){e<=2}
da	ATCGNNNNNNATCG	1-1-1-1	80	1.0	True	10000	100000	uniform	uniform0.0	80 20	00	(?P<barcode>ATCG[ATCG]{5,7}ATCG){e<=2}
ab	ATCGNNNNNNATCG	1-1-1-1	10	1.0	True	10000	100000	uniform	uniform0.001	80 20	00	(?P<barcode>ATCG[ATCG]{5,7}ATCG){e<=2}
bb	ATCGNNNNNNATCG	1-1-1-1	40	1.0	True	10000	100000	uniform	uniform0.001	80 20	00	(?P<barcode>ATCG[ATCG]{5,7}ATCG){e<=2}
cb	ATCGNNNNNNATCG	1-1-1-1	60	1.0	True	10000	100000	uniform	uniform0.001	80 20	00	(?P<barcode>ATCG[ATCG]{5,7}ATCG){e<=2}
db	ATCGNNNNNNATCG	1-1-1-1	80	1.0	True	10000	100000	uniform	uniform0.001	80 20	00	(?P<barcode>ATCG[ATCG]{5,7}ATCG){e<=2}
ac	ATCGNNNNNNATCG	1-1-1-1	10	1.0	True	10000	100000	uniform	uniform0.01	80 20	00	(?P<barcode>ATCG[ATCG]{5,7}ATCG){e<=2}
bc	ATCGNNNNNNATCG	1-1-1-1	40	1.0	True	10000	100000	uniform	uniform0.01	80 20	00	(?P<barcode>ATCG[ATCG]{5,7}ATCG){e<=2}
cc	ATCGNNNNNNATCG	1-1-1-1	60	1.0	True	10000	100000	uniform	uniform0.01	80 20	00	(?P<barcode>ATCG[ATCG]{5,7}ATCG){e<=2}
dc	ATCGNNNNNNATCG	1-1-1-1	80	1.0	True	10000	100000	uniform	uniform0.01	80 20	00	(?P<barcode>ATCG[ATCG]{5,7}ATCG){e<=2}
aab	ATCGNNNNNNATCG	1-1-1-1	10	3.0	True	10000	100000	uniform	uniform0.0	80 20	00	(?P<barcode>ATCG[ATCG]{5,7}ATCG){e<=2}
bab	ATCGNNNNNNATCG	1-1-1-1	40	3.0	True	10000	100000	uniform	uniform0.0	80 20	00	(?P<barcode>ATCG[ATCG]{5,7}ATCG){e<=2}
cab	ATCGNNNNNNATCG	1-1-1-1	60	3.0	True	10000	100000	uniform	uniform0.0	80 20	00	(?P<barcode>ATCG[ATCG]{5,7}ATCG){e<=2}
dab	ATCGNNNNNNATCG	1-1-1-1	80	3.0	True	10000	100000	uniform	uniform0.0	80 20	00	(?P<barcode>ATCG[ATCG]{5,7}ATCG){e<=2}
abb	ATCGNNNNNNATCG	1-1-1-1	10	3.0	True	10000	100000	uniform	uniform0.001	80 20	00	(?P<barcode>ATCG[ATCG]{5,7}ATCG){e<=2}
bbb	ATCGNNNNNNATCG	1-1-1-1	40	3.0	True	10000	100000	uniform	uniform0.001	80 20	00	(?P<barcode>ATCG[ATCG]{5,7}ATCG){e<=2}
cbb	ATCGNNNNNNATCG	1-1-1-1	60	3.0	True	10000	100000	uniform	uniform0.001	80 20	00	(?P<barcode>ATCG[ATCG]{5,7}ATCG){e<=2}
dbb	ATCGNNNNNNATCG	1-1-1-1	80	3.0	True	10000	100000	uniform	uniform0.001	80 20	00	(?P<barcode>ATCG[ATCG]{5,7}ATCG){e<=2}
acb	ATCGNNNNNNATCG	1-1-1-1	10	3.0	True	10000	100000	uniform	uniform0.01	80 20	00	(?P<barcode>ATCG[ATCG]{5,7}ATCG){e<=2}
bcb	ATCGNNNNNNATCG	1-1-1-1	40	3.0	True	10000	100000	uniform	uniform0.01	80 20	00	(?P<barcode>ATCG[ATCG]{5,7}ATCG){e<=2}
ccb	ATCGNNNNNNATCG	1-1-1-1	60	3.0	True	10000	100000	uniform	uniform0.01	80 20	00	(?P<barcode>ATCG[ATCG]{5,7}ATCG){e<=2}
dcb	ATCGNNNNNNATCG	1-1-1-1	80	3.0	True	10000	100000	uniform	uniform0.01	80 20	00	(?P<barcode>ATCG[ATCG]{5,7}ATCG){e<=2}
